算法,SHD,AUPR,edges_pred,time_s,error
PC,17.0,0.14049586776859505,0.0,0.305,
FCI,,,,0.757,object of type 'GeneralGraph' has no len()
GES,17.0,0.14049586776859505,0.0,5.65,
DirectLiNGAM,55.0,0.13334953816237238,30.0,1.195,
ICALiNGAM,33.0,0.23124291038729541,24.0,0.683,
