算法,SHD,AUPR,edges_pred,time_s,error
PC,17.0,0.14049586776859505,0.0,0.225,
FCI,17.0,0.14049586776859505,0.0,0.579,
DirectLiNGAM,19.0,0.19793874574623238,25.0,1.354,
ICALiNGAM,21.0,0.15573463969185894,26.0,0.331,
GES,,,,0.0,Unknown function!
