算法,SHD,AUPR,edges_pred,time_s
PC,17,0.14049586776859505,0,0.388
FCI,17,0.14049586776859505,0,0.472
GES,17,0.14049586776859505,0,5.76
DirectLiNGAM,55,0.13334953816237238,30,1.194
ICALiNGAM,33,0.23124291038729541,24,1.167
